Designator,Pin,PinName,Net,Category,Description
U5,1,,RGB_VCC_OUT,IC/模块,
U5,2,,$1I7827\DOUT,IC/模块,
U5,3,,GND,IC/模块,
U5,4,,$1I7827\DIN,IC/模块,
U6,1,,COL2,IC/模块,
U6,2,,$1I7827\K0,IC/模块,
U7,1,,RGB_VCC_OUT,IC/模块,
U7,2,,RGB_1,IC/模块,
U7,3,,GND,IC/模块,
U7,4,,$1I7827\DOUT,IC/模块,
U8,1,,COL3,IC/模块,
U8,2,,$1I7828\K0,IC/模块,
U9,1,,RGB_VCC_OUT,IC/模块,
U9,2,,$1I7829\DOUT,IC/模块,
U9,3,,GND,IC/模块,
U9,4,,RGB_1,IC/模块,
U10,1,,COL0,IC/模块,
U10,2,,$1I7829\K0,IC/模块,
U11,1,,RGB_VCC_OUT,IC/模块,
U11,2,,$1I7830\DOUT,IC/模块,
U11,3,,GND,IC/模块,
U11,4,,$1I7829\DOUT,IC/模块,
U12,1,,COL1,IC/模块,
U12,2,,$1I7830\K0,IC/模块,
U13,1,,RGB_VCC_OUT,IC/模块,
U13,2,,RGB_2,IC/模块,
U13,3,,GND,IC/模块,
U13,4,,$1I7830\DOUT,IC/模块,
U14,1,,COL2,IC/模块,
U14,2,,$1I7831\K0,IC/模块,
U15,1,,RGB_VCC_OUT,IC/模块,
U15,2,,$1I7832\DOUT,IC/模块,
U15,3,,GND,IC/模块,
U15,4,,RGB_2,IC/模块,
U16,1,,COL0,IC/模块,
U16,2,,$1I7832\K0,IC/模块,
U17,1,,RGB_VCC_OUT,IC/模块,
U17,2,,$1I7833\DOUT,IC/模块,
U17,3,,GND,IC/模块,
U17,4,,$1I7832\DOUT,IC/模块,
U18,1,,COL1,IC/模块,
U18,2,,$1I7833\K0,IC/模块,
U19,1,,RGB_VCC_OUT,IC/模块,
U19,2,,$1I7834\DOUT,IC/模块,
U19,3,,GND,IC/模块,
U19,4,,$1I7833\DOUT,IC/模块,
U20,1,,COL2,IC/模块,
U20,2,,$1I7834\K0,IC/模块,
U21,1,,RGB_VCC_OUT,IC/模块,
U21,2,,RGB_3,IC/模块,
U21,3,,GND,IC/模块,
U21,4,,$1I7834\DOUT,IC/模块,
U22,1,,COL3,IC/模块,
U22,2,,$1I7835\K0,IC/模块,
U23,1,,RGB_VCC_OUT,IC/模块,
U23,2,,$1I7836\DOUT,IC/模块,
U23,3,,GND,IC/模块,
U23,4,,RGB_3,IC/模块,
U24,1,,COL0,IC/模块,
U24,2,,$1I7836\K0,IC/模块,
U25,1,,RGB_VCC_OUT,IC/模块,
U25,2,,$1I7837\DOUT,IC/模块,
U25,3,,GND,IC/模块,
U25,4,,$1I7836\DOUT,IC/模块,
U26,1,,COL1,IC/模块,
U26,2,,$1I7837\K0,IC/模块,
U27,1,,RGB_VCC_OUT,IC/模块,
U27,2,,RGB_4,IC/模块,
U27,3,,GND,IC/模块,
U27,4,,$1I7837\DOUT,IC/模块,
U28,1,,COL2,IC/模块,
U28,2,,$1I7838\K0,IC/模块,
U29,1,,RGB_VCC_OUT,IC/模块,
U29,2,,$1I7839\DOUT,IC/模块,
U29,3,,GND,IC/模块,
U29,4,,RGB_4,IC/模块,
U30,1,,COL0,IC/模块,
U30,2,,$1I7839\K0,IC/模块,
U31,1,,RGB_VCC_OUT,IC/模块,
U31,2,,$1I7840\DOUT,IC/模块,
U31,3,,GND,IC/模块,
U31,4,,$1I7839\DOUT,IC/模块,
U32,1,,COL1,IC/模块,
U32,2,,$1I7840\K0,IC/模块,
U33,1,,RGB_VCC_OUT,IC/模块,
U33,2,,$1I7841\DOUT,IC/模块,
U33,3,,GND,IC/模块,
U33,4,,$1I7840\DOUT,IC/模块,
U34,1,,COL3,IC/模块,
U34,2,,$1I7841\K0,IC/模块,
U3,1,,RGB_VCC_OUT,IC/模块,
U3,2,,$1I7827\DIN,IC/模块,
U3,3,,GND,IC/模块,
U3,4,,$1I7845\DIN,IC/模块,
U4,1,,COL1,IC/模块,
U4,2,,$1I7845\K0,IC/模块,
U35,1,,RGB_VCC_OUT,IC/模块,
U35,2,,$1I7845\DIN,IC/模块,
U35,3,,GND,IC/模块,
U35,4,,RGB_DATA,IC/模块,
U38,1,,COL0,IC/模块,
U38,2,,$1I8037\K0,IC/模块,
C4,1,,RGB_VCC_OUT,电容,容值:100nF;精度:±10%;额定电压:50V;温度系数:X7R;
C4,2,,GND,电容,容值:100nF;精度:±10%;额定电压:50V;温度系数:X7R;
C5,1,,RGB_VCC_OUT,电容,容值:100nF;精度:±10%;额定电压:50V;温度系数:X7R;
C5,2,,GND,电容,容值:100nF;精度:±10%;额定电压:50V;温度系数:X7R;
C6,1,,RGB_VCC_OUT,电容,容值:100nF;精度:±10%;额定电压:50V;温度系数:X7R;
C6,2,,GND,电容,容值:100nF;精度:±10%;额定电压:50V;温度系数:X7R;
C7,1,,RGB_VCC_OUT,电容,容值:100nF;精度:±10%;额定电压:50V;温度系数:X7R;
C7,2,,GND,电容,容值:100nF;精度:±10%;额定电压:50V;温度系数:X7R;
C14,1,,RGB_VCC_OUT,电容,容值:100nF;精度:±10%;额定电压:50V;温度系数:X7R;
C14,2,,GND,电容,容值:100nF;精度:±10%;额定电压:50V;温度系数:X7R;
C15,1,,RGB_VCC_OUT,电容,容值:100nF;精度:±10%;额定电压:50V;温度系数:X7R;
C15,2,,GND,电容,容值:100nF;精度:±10%;额定电压:50V;温度系数:X7R;
C16,1,,RGB_VCC_OUT,电容,容值:100nF;精度:±10%;额定电压:50V;温度系数:X7R;
C16,2,,GND,电容,容值:100nF;精度:±10%;额定电压:50V;温度系数:X7R;
C18,1,,RGB_VCC_OUT,电容,容值:100nF;精度:±10%;额定电压:50V;温度系数:X7R;
C18,2,,GND,电容,容值:100nF;精度:±10%;额定电压:50V;温度系数:X7R;
C19,1,,RGB_VCC_OUT,电容,容值:100nF;精度:±10%;额定电压:50V;温度系数:X7R;
C19,2,,GND,电容,容值:100nF;精度:±10%;额定电压:50V;温度系数:X7R;
C20,1,,RGB_VCC_OUT,电容,容值:100nF;精度:±10%;额定电压:50V;温度系数:X7R;
C20,2,,GND,电容,容值:100nF;精度:±10%;额定电压:50V;温度系数:X7R;
C21,1,,RGB_VCC_OUT,电容,容值:100nF;精度:±10%;额定电压:50V;温度系数:X7R;
C21,2,,GND,电容,容值:100nF;精度:±10%;额定电压:50V;温度系数:X7R;
C26,1,,RGB_VCC_OUT,电容,容值:100nF;精度:±10%;额定电压:50V;温度系数:X7R;
C26,2,,GND,电容,容值:100nF;精度:±10%;额定电压:50V;温度系数:X7R;
C27,1,,RGB_VCC_OUT,电容,容值:100nF;精度:±10%;额定电压:50V;温度系数:X7R;
C27,2,,GND,电容,容值:100nF;精度:±10%;额定电压:50V;温度系数:X7R;
C28,1,,RGB_VCC_OUT,电容,容值:100nF;精度:±10%;额定电压:50V;温度系数:X7R;
C28,2,,GND,电容,容值:100nF;精度:±10%;额定电压:50V;温度系数:X7R;
C35,1,,RGB_VCC_OUT,电容,容值:100nF;精度:±10%;额定电压:50V;温度系数:X7R;
C35,2,,GND,电容,容值:100nF;精度:±10%;额定电压:50V;温度系数:X7R;
C36,1,,RGB_VCC_OUT,电容,容值:100nF;精度:±10%;额定电压:50V;温度系数:X7R;
C36,2,,GND,电容,容值:100nF;精度:±10%;额定电压:50V;温度系数:X7R;
C37,1,,RGB_VCC_OUT,电容,容值:100nF;精度:±10%;额定电压:50V;温度系数:X7R;
C37,2,,GND,电容,容值:100nF;精度:±10%;额定电压:50V;温度系数:X7R;
D20,1,,ROW0,二极管,二极管配置:独立式;正向压降(Vf):-;直流反向耐压(Vr):100V;整流电流:300mA;反向恢复时间(Trr):8ns;
D20,2,,$1N8271,二极管,二极管配置:独立式;正向压降(Vf):-;直流反向耐压(Vr):100V;整流电流:300mA;反向恢复时间(Trr):8ns;
D1,1,,ROW1,二极管,二极管配置:独立式;正向压降(Vf):-;直流反向耐压(Vr):100V;整流电流:300mA;反向恢复时间(Trr):8ns;
D1,2,,$1I8037\K0,二极管,二极管配置:独立式;正向压降(Vf):-;直流反向耐压(Vr):100V;整流电流:300mA;反向恢复时间(Trr):8ns;
D2,1,,ROW1,二极管,二极管配置:独立式;正向压降(Vf):-;直流反向耐压(Vr):100V;整流电流:300mA;反向恢复时间(Trr):8ns;
D2,2,,$1I7845\K0,二极管,二极管配置:独立式;正向压降(Vf):-;直流反向耐压(Vr):100V;整流电流:300mA;反向恢复时间(Trr):8ns;
D3,1,,ROW1,二极管,二极管配置:独立式;正向压降(Vf):-;直流反向耐压(Vr):100V;整流电流:300mA;反向恢复时间(Trr):8ns;
D3,2,,$1I7827\K0,二极管,二极管配置:独立式;正向压降(Vf):-;直流反向耐压(Vr):100V;整流电流:300mA;反向恢复时间(Trr):8ns;
D4,1,,ROW1,二极管,二极管配置:独立式;正向压降(Vf):-;直流反向耐压(Vr):100V;整流电流:300mA;反向恢复时间(Trr):8ns;
D4,2,,$1I7828\K0,二极管,二极管配置:独立式;正向压降(Vf):-;直流反向耐压(Vr):100V;整流电流:300mA;反向恢复时间(Trr):8ns;
D5,1,,ROW2,二极管,二极管配置:独立式;正向压降(Vf):-;直流反向耐压(Vr):100V;整流电流:300mA;反向恢复时间(Trr):8ns;
D5,2,,$1I7829\K0,二极管,二极管配置:独立式;正向压降(Vf):-;直流反向耐压(Vr):100V;整流电流:300mA;反向恢复时间(Trr):8ns;
D6,1,,ROW2,二极管,二极管配置:独立式;正向压降(Vf):-;直流反向耐压(Vr):100V;整流电流:300mA;反向恢复时间(Trr):8ns;
D6,2,,$1I7830\K0,二极管,二极管配置:独立式;正向压降(Vf):-;直流反向耐压(Vr):100V;整流电流:300mA;反向恢复时间(Trr):8ns;
D7,1,,ROW2,二极管,二极管配置:独立式;正向压降(Vf):-;直流反向耐压(Vr):100V;整流电流:300mA;反向恢复时间(Trr):8ns;
D7,2,,$1I7831\K0,二极管,二极管配置:独立式;正向压降(Vf):-;直流反向耐压(Vr):100V;整流电流:300mA;反向恢复时间(Trr):8ns;
D8,1,,ROW3,二极管,二极管配置:独立式;正向压降(Vf):-;直流反向耐压(Vr):100V;整流电流:300mA;反向恢复时间(Trr):8ns;
D8,2,,$1I7832\K0,二极管,二极管配置:独立式;正向压降(Vf):-;直流反向耐压(Vr):100V;整流电流:300mA;反向恢复时间(Trr):8ns;
D9,1,,ROW3,二极管,二极管配置:独立式;正向压降(Vf):-;直流反向耐压(Vr):100V;整流电流:300mA;反向恢复时间(Trr):8ns;
D9,2,,$1I7833\K0,二极管,二极管配置:独立式;正向压降(Vf):-;直流反向耐压(Vr):100V;整流电流:300mA;反向恢复时间(Trr):8ns;
D10,1,,ROW3,二极管,二极管配置:独立式;正向压降(Vf):-;直流反向耐压(Vr):100V;整流电流:300mA;反向恢复时间(Trr):8ns;
D10,2,,$1I7834\K0,二极管,二极管配置:独立式;正向压降(Vf):-;直流反向耐压(Vr):100V;整流电流:300mA;反向恢复时间(Trr):8ns;
D11,1,,ROW3,二极管,二极管配置:独立式;正向压降(Vf):-;直流反向耐压(Vr):100V;整流电流:300mA;反向恢复时间(Trr):8ns;
D11,2,,$1I7835\K0,二极管,二极管配置:独立式;正向压降(Vf):-;直流反向耐压(Vr):100V;整流电流:300mA;反向恢复时间(Trr):8ns;
D12,1,,ROW4,二极管,二极管配置:独立式;正向压降(Vf):-;直流反向耐压(Vr):100V;整流电流:300mA;反向恢复时间(Trr):8ns;
D12,2,,$1I7836\K0,二极管,二极管配置:独立式;正向压降(Vf):-;直流反向耐压(Vr):100V;整流电流:300mA;反向恢复时间(Trr):8ns;
D13,1,,ROW4,二极管,二极管配置:独立式;正向压降(Vf):-;直流反向耐压(Vr):100V;整流电流:300mA;反向恢复时间(Trr):8ns;
D13,2,,$1I7837\K0,二极管,二极管配置:独立式;正向压降(Vf):-;直流反向耐压(Vr):100V;整流电流:300mA;反向恢复时间(Trr):8ns;
D14,1,,ROW4,二极管,二极管配置:独立式;正向压降(Vf):-;直流反向耐压(Vr):100V;整流电流:300mA;反向恢复时间(Trr):8ns;
D14,2,,$1I7838\K0,二极管,二极管配置:独立式;正向压降(Vf):-;直流反向耐压(Vr):100V;整流电流:300mA;反向恢复时间(Trr):8ns;
D17,1,,ROW5,二极管,二极管配置:独立式;正向压降(Vf):-;直流反向耐压(Vr):100V;整流电流:300mA;反向恢复时间(Trr):8ns;
D17,2,,$1I7839\K0,二极管,二极管配置:独立式;正向压降(Vf):-;直流反向耐压(Vr):100V;整流电流:300mA;反向恢复时间(Trr):8ns;
D18,1,,ROW5,二极管,二极管配置:独立式;正向压降(Vf):-;直流反向耐压(Vr):100V;整流电流:300mA;反向恢复时间(Trr):8ns;
D18,2,,$1I7840\K0,二极管,二极管配置:独立式;正向压降(Vf):-;直流反向耐压(Vr):100V;整流电流:300mA;反向恢复时间(Trr):8ns;
D19,1,,ROW5,二极管,二极管配置:独立式;正向压降(Vf):-;直流反向耐压(Vr):100V;整流电流:300mA;反向恢复时间(Trr):8ns;
D19,2,,$1I7841\K0,二极管,二极管配置:独立式;正向压降(Vf):-;直流反向耐压(Vr):100V;整流电流:300mA;反向恢复时间(Trr):8ns;
R11,1,,GND,电阻,电阻类型:厚膜电阻;阻值:5.1kΩ;精度:±1%;功率:62.5mW;工作电压:50V;温度系数:±100ppm/℃;
R11,2,,$1N7,电阻,电阻类型:厚膜电阻;阻值:5.1kΩ;精度:±1%;功率:62.5mW;工作电压:50V;温度系数:±100ppm/℃;
R12,1,,GND,电阻,电阻类型:厚膜电阻;阻值:5.1kΩ;精度:±1%;功率:62.5mW;工作电压:50V;温度系数:±100ppm/℃;
R12,2,,$1N6,电阻,电阻类型:厚膜电阻;阻值:5.1kΩ;精度:±1%;功率:62.5mW;工作电压:50V;温度系数:±100ppm/℃;
SW3,6,,,其他,
SW3,7,,,其他,
SW3,A,,EC11A,其他,
SW3,B,,EC11B,其他,
SW3,C,,GND,其他,
SW3,D,,COL3,其他,
SW3,E,,$1N8271,其他,
USB1,1,,,连接器,连接器类型:Type-C;协议标准:USB 3.1;公母:母;安装方式:卧贴;触点数量:16P;端口数量:1;额定电流 - 电源:3A;工作温度:-40℃~+85℃;
USB1,2,,$1N8558,连接器,连接器类型:Type-C;协议标准:USB 3.1;公母:母;安装方式:卧贴;触点数量:16P;端口数量:1;额定电流 - 电源:3A;工作温度:-40℃~+85℃;
USB1,3,,,连接器,连接器类型:Type-C;协议标准:USB 3.1;公母:母;安装方式:卧贴;触点数量:16P;端口数量:1;额定电流 - 电源:3A;工作温度:-40℃~+85℃;
USB1,4,,,连接器,连接器类型:Type-C;协议标准:USB 3.1;公母:母;安装方式:卧贴;触点数量:16P;端口数量:1;额定电流 - 电源:3A;工作温度:-40℃~+85℃;
USB1,A1B12,,GND,连接器,连接器类型:Type-C;协议标准:USB 3.1;公母:母;安装方式:卧贴;触点数量:16P;端口数量:1;额定电流 - 电源:3A;工作温度:-40℃~+85℃;
USB1,A4B9,,VBUS,连接器,连接器类型:Type-C;协议标准:USB 3.1;公母:母;安装方式:卧贴;触点数量:16P;端口数量:1;额定电流 - 电源:3A;工作温度:-40℃~+85℃;
USB1,A5,,$1N7,连接器,连接器类型:Type-C;协议标准:USB 3.1;公母:母;安装方式:卧贴;触点数量:16P;端口数量:1;额定电流 - 电源:3A;工作温度:-40℃~+85℃;
USB1,A6,,$1N8,连接器,连接器类型:Type-C;协议标准:USB 3.1;公母:母;安装方式:卧贴;触点数量:16P;端口数量:1;额定电流 - 电源:3A;工作温度:-40℃~+85℃;
USB1,A7,,$1N5,连接器,连接器类型:Type-C;协议标准:USB 3.1;公母:母;安装方式:卧贴;触点数量:16P;端口数量:1;额定电流 - 电源:3A;工作温度:-40℃~+85℃;
USB1,A8,,,连接器,连接器类型:Type-C;协议标准:USB 3.1;公母:母;安装方式:卧贴;触点数量:16P;端口数量:1;额定电流 - 电源:3A;工作温度:-40℃~+85℃;
USB1,B5,,$1N6,连接器,连接器类型:Type-C;协议标准:USB 3.1;公母:母;安装方式:卧贴;触点数量:16P;端口数量:1;额定电流 - 电源:3A;工作温度:-40℃~+85℃;
USB1,B6,,$1N8,连接器,连接器类型:Type-C;协议标准:USB 3.1;公母:母;安装方式:卧贴;触点数量:16P;端口数量:1;额定电流 - 电源:3A;工作温度:-40℃~+85℃;
USB1,B7,,$1N5,连接器,连接器类型:Type-C;协议标准:USB 3.1;公母:母;安装方式:卧贴;触点数量:16P;端口数量:1;额定电流 - 电源:3A;工作温度:-40℃~+85℃;
USB1,B8,,,连接器,连接器类型:Type-C;协议标准:USB 3.1;公母:母;安装方式:卧贴;触点数量:16P;端口数量:1;额定电流 - 电源:3A;工作温度:-40℃~+85℃;
USB1,B4A9,,VBUS,连接器,连接器类型:Type-C;协议标准:USB 3.1;公母:母;安装方式:卧贴;触点数量:16P;端口数量:1;额定电流 - 电源:3A;工作温度:-40℃~+85℃;
USB1,B1A12,,GND,连接器,连接器类型:Type-C;协议标准:USB 3.1;公母:母;安装方式:卧贴;触点数量:16P;端口数量:1;额定电流 - 电源:3A;工作温度:-40℃~+85℃;
R6,1,,BAT_ADC,电阻,电阻类型:厚膜电阻;阻值:100kΩ;精度:±1%;功率:62.5mW;工作电压:50V;温度系数:±100ppm/℃;
R6,2,,VBAT,电阻,电阻类型:厚膜电阻;阻值:100kΩ;精度:±1%;功率:62.5mW;工作电压:50V;温度系数:±100ppm/℃;
R8,1,,$1N8138,电阻,电阻类型:厚膜电阻;阻值:100kΩ;精度:±1%;功率:62.5mW;工作电压:50V;温度系数:±100ppm/℃;
R8,2,,BAT_ADC,电阻,电阻类型:厚膜电阻;阻值:100kΩ;精度:±1%;功率:62.5mW;工作电压:50V;温度系数:±100ppm/℃;
R10,1,,$1N8137,电阻,电阻类型:厚膜电阻;阻值:100kΩ;精度:±1%;功率:62.5mW;工作电压:50V;温度系数:±100ppm/℃;
R10,2,,GND,电阻,电阻类型:厚膜电阻;阻值:100kΩ;精度:±1%;功率:62.5mW;工作电压:50V;温度系数:±100ppm/℃;
C29,1,,BAT_ADC,电容,容值:100nF;精度:±10%;额定电压:16V;温度系数:X7R;
C29,2,,GND,电容,容值:100nF;精度:±10%;额定电压:16V;温度系数:X7R;
R9,1,,$1N8137,电阻,电阻类型:薄膜电阻;阻值:1kΩ;精度:±0.1%;功率:62.5mW;工作电压:50V;温度系数:±25ppm/℃;
R9,2,,BAT_ADC_EN,电阻,电阻类型:薄膜电阻;阻值:1kΩ;精度:±0.1%;功率:62.5mW;工作电压:50V;温度系数:±25ppm/℃;
R1,1,,$1N8557,电阻,电阻类型:厚膜电阻;阻值:10kΩ;精度:±1%;功率:62.5mW;工作电压:50V;温度系数:±100ppm/℃;
R1,2,,3V3,电阻,电阻类型:厚膜电阻;阻值:10kΩ;精度:±1%;功率:62.5mW;工作电压:50V;温度系数:±100ppm/℃;
C11,1,,GND,电容,容值:100nF;精度:±10%;额定电压:16V;温度系数:X7R;
C11,2,,$1N8557,电容,容值:100nF;精度:±10%;额定电压:16V;温度系数:X7R;
R13,1,,$1N8566,电阻,电阻类型:厚膜电阻;阻值:4.7kΩ;精度:±1%;功率:62.5mW;工作电压:50V;温度系数:±100ppm/℃;
R13,2,,3V3,电阻,电阻类型:厚膜电阻;阻值:4.7kΩ;精度:±1%;功率:62.5mW;工作电压:50V;温度系数:±100ppm/℃;
Q1,1,,$1N8137,三极管,数量:1个N沟道;漏源电压(Vdss):60V;连续漏极电流(Id):500mA;导通电阻(RDS(on)):5Ω@10V,200mA;耗散功率(Pd):225mW;阈值电压(Vgs(th)):3V@1.0mA;
Q1,2,,GND,三极管,数量:1个N沟道;漏源电压(Vdss):60V;连续漏极电流(Id):500mA;导通电阻(RDS(on)):5Ω@10V,200mA;耗散功率(Pd):225mW;阈值电压(Vgs(th)):3V@1.0mA;
Q1,3,,$1N8138,三极管,数量:1个N沟道;漏源电压(Vdss):60V;连续漏极电流(Id):500mA;导通电阻(RDS(on)):5Ω@10V,200mA;耗散功率(Pd):225mW;阈值电压(Vgs(th)):3V@1.0mA;
Q2,1,,$1N8211,三极管,数量:1个P沟道;漏源电压(Vdss):20V;连续漏极电流(Id):500mA;导通电阻(RDS(on)):580mΩ@4.5V;耗散功率(Pd):180mW;阈值电压(Vgs(th)):620mV@250uA;
Q2,2,,SYS_POWER,三极管,数量:1个P沟道;漏源电压(Vdss):20V;连续漏极电流(Id):500mA;导通电阻(RDS(on)):580mΩ@4.5V;耗散功率(Pd):180mW;阈值电压(Vgs(th)):620mV@250uA;
Q2,3,,RGB_VCC_OUT,三极管,数量:1个P沟道;漏源电压(Vdss):20V;连续漏极电流(Id):500mA;导通电阻(RDS(on)):580mΩ@4.5V;耗散功率(Pd):180mW;阈值电压(Vgs(th)):620mV@250uA;
R14,1,,$1N8211,电阻,电阻类型:厚膜电阻;阻值:10kΩ;精度:±1%;功率:62.5mW;工作电压:50V;温度系数:±100ppm/℃;
R14,2,,SYS_POWER,电阻,电阻类型:厚膜电阻;阻值:10kΩ;精度:±1%;功率:62.5mW;工作电压:50V;温度系数:±100ppm/℃;
Q4,1,,RGB_PWR_EN,三极管,数量:1个N沟道;漏源电压(Vdss):60V;连续漏极电流(Id):500mA;导通电阻(RDS(on)):5Ω@10V,200mA;耗散功率(Pd):225mW;阈值电压(Vgs(th)):3V@1.0mA;
Q4,2,,GND,三极管,数量:1个N沟道;漏源电压(Vdss):60V;连续漏极电流(Id):500mA;导通电阻(RDS(on)):5Ω@10V,200mA;耗散功率(Pd):225mW;阈值电压(Vgs(th)):3V@1.0mA;
Q4,3,,$1N8211,三极管,数量:1个N沟道;漏源电压(Vdss):60V;连续漏极电流(Id):500mA;导通电阻(RDS(on)):5Ω@10V,200mA;耗散功率(Pd):225mW;阈值电压(Vgs(th)):3V@1.0mA;
R15,1,,GND,电阻,电阻类型:厚膜电阻;阻值:10kΩ;精度:±1%;功率:62.5mW;工作电压:50V;温度系数:±100ppm/℃;
R15,2,,RGB_PWR_EN,电阻,电阻类型:厚膜电阻;阻值:10kΩ;精度:±1%;功率:62.5mW;工作电压:50V;温度系数:±100ppm/℃;
U36,1,,SCREEN_BLK,IC/模块,1、原装进口nRF52840射频芯片。2、支持蓝牙4.2和5.0协议。3、芯片自带高性能ARM CORTEX-M4F内核。4、芯片自带32.768K实时时钟。5、四层高性能PCB板，射频特性优异，可以通过各种认证。6、模块引出了大部分的IO口。7、模块出厂无程序，用户需要进行二次开发。
U36,2,,SCREEN_RES,IC/模块,1、原装进口nRF52840射频芯片。2、支持蓝牙4.2和5.0协议。3、芯片自带高性能ARM CORTEX-M4F内核。4、芯片自带32.768K实时时钟。5、四层高性能PCB板，射频特性优异，可以通过各种认证。6、模块引出了大部分的IO口。7、模块出厂无程序，用户需要进行二次开发。
U36,3,,SCREEN_DC,IC/模块,1、原装进口nRF52840射频芯片。2、支持蓝牙4.2和5.0协议。3、芯片自带高性能ARM CORTEX-M4F内核。4、芯片自带32.768K实时时钟。5、四层高性能PCB板，射频特性优异，可以通过各种认证。6、模块引出了大部分的IO口。7、模块出厂无程序，用户需要进行二次开发。
U36,4,,SCREEN_SDA,IC/模块,1、原装进口nRF52840射频芯片。2、支持蓝牙4.2和5.0协议。3、芯片自带高性能ARM CORTEX-M4F内核。4、芯片自带32.768K实时时钟。5、四层高性能PCB板，射频特性优异，可以通过各种认证。6、模块引出了大部分的IO口。7、模块出厂无程序，用户需要进行二次开发。
U36,5,,GND,IC/模块,1、原装进口nRF52840射频芯片。2、支持蓝牙4.2和5.0协议。3、芯片自带高性能ARM CORTEX-M4F内核。4、芯片自带32.768K实时时钟。5、四层高性能PCB板，射频特性优异，可以通过各种认证。6、模块引出了大部分的IO口。7、模块出厂无程序，用户需要进行二次开发。
U36,6,,SCREEN_SCL,IC/模块,1、原装进口nRF52840射频芯片。2、支持蓝牙4.2和5.0协议。3、芯片自带高性能ARM CORTEX-M4F内核。4、芯片自带32.768K实时时钟。5、四层高性能PCB板，射频特性优异，可以通过各种认证。6、模块引出了大部分的IO口。7、模块出厂无程序，用户需要进行二次开发。
U36,7,,SCREEN_CS,IC/模块,1、原装进口nRF52840射频芯片。2、支持蓝牙4.2和5.0协议。3、芯片自带高性能ARM CORTEX-M4F内核。4、芯片自带32.768K实时时钟。5、四层高性能PCB板，射频特性优异，可以通过各种认证。6、模块引出了大部分的IO口。7、模块出厂无程序，用户需要进行二次开发。
U36,8,,MODE,IC/模块,1、原装进口nRF52840射频芯片。2、支持蓝牙4.2和5.0协议。3、芯片自带高性能ARM CORTEX-M4F内核。4、芯片自带32.768K实时时钟。5、四层高性能PCB板，射频特性优异，可以通过各种认证。6、模块引出了大部分的IO口。7、模块出厂无程序，用户需要进行二次开发。
U36,9,,BAT_ADC,IC/模块,1、原装进口nRF52840射频芯片。2、支持蓝牙4.2和5.0协议。3、芯片自带高性能ARM CORTEX-M4F内核。4、芯片自带32.768K实时时钟。5、四层高性能PCB板，射频特性优异，可以通过各种认证。6、模块引出了大部分的IO口。7、模块出厂无程序，用户需要进行二次开发。
U36,10,,COL3,IC/模块,1、原装进口nRF52840射频芯片。2、支持蓝牙4.2和5.0协议。3、芯片自带高性能ARM CORTEX-M4F内核。4、芯片自带32.768K实时时钟。5、四层高性能PCB板，射频特性优异，可以通过各种认证。6、模块引出了大部分的IO口。7、模块出厂无程序，用户需要进行二次开发。
U36,11,,$1N8329,IC/模块,1、原装进口nRF52840射频芯片。2、支持蓝牙4.2和5.0协议。3、芯片自带高性能ARM CORTEX-M4F内核。4、芯片自带32.768K实时时钟。5、四层高性能PCB板，射频特性优异，可以通过各种认证。6、模块引出了大部分的IO口。7、模块出厂无程序，用户需要进行二次开发。
U36,12,,COL2,IC/模块,1、原装进口nRF52840射频芯片。2、支持蓝牙4.2和5.0协议。3、芯片自带高性能ARM CORTEX-M4F内核。4、芯片自带32.768K实时时钟。5、四层高性能PCB板，射频特性优异，可以通过各种认证。6、模块引出了大部分的IO口。7、模块出厂无程序，用户需要进行二次开发。
U36,13,,$1N8328,IC/模块,1、原装进口nRF52840射频芯片。2、支持蓝牙4.2和5.0协议。3、芯片自带高性能ARM CORTEX-M4F内核。4、芯片自带32.768K实时时钟。5、四层高性能PCB板，射频特性优异，可以通过各种认证。6、模块引出了大部分的IO口。7、模块出厂无程序，用户需要进行二次开发。
U36,14,,COL1,IC/模块,1、原装进口nRF52840射频芯片。2、支持蓝牙4.2和5.0协议。3、芯片自带高性能ARM CORTEX-M4F内核。4、芯片自带32.768K实时时钟。5、四层高性能PCB板，射频特性优异，可以通过各种认证。6、模块引出了大部分的IO口。7、模块出厂无程序，用户需要进行二次开发。
U36,15,,COL0,IC/模块,1、原装进口nRF52840射频芯片。2、支持蓝牙4.2和5.0协议。3、芯片自带高性能ARM CORTEX-M4F内核。4、芯片自带32.768K实时时钟。5、四层高性能PCB板，射频特性优异，可以通过各种认证。6、模块引出了大部分的IO口。7、模块出厂无程序，用户需要进行二次开发。
U36,16,,ROW5,IC/模块,1、原装进口nRF52840射频芯片。2、支持蓝牙4.2和5.0协议。3、芯片自带高性能ARM CORTEX-M4F内核。4、芯片自带32.768K实时时钟。5、四层高性能PCB板，射频特性优异，可以通过各种认证。6、模块引出了大部分的IO口。7、模块出厂无程序，用户需要进行二次开发。
U36,17,,ROW4,IC/模块,1、原装进口nRF52840射频芯片。2、支持蓝牙4.2和5.0协议。3、芯片自带高性能ARM CORTEX-M4F内核。4、芯片自带32.768K实时时钟。5、四层高性能PCB板，射频特性优异，可以通过各种认证。6、模块引出了大部分的IO口。7、模块出厂无程序，用户需要进行二次开发。
U36,18,,ROW3,IC/模块,1、原装进口nRF52840射频芯片。2、支持蓝牙4.2和5.0协议。3、芯片自带高性能ARM CORTEX-M4F内核。4、芯片自带32.768K实时时钟。5、四层高性能PCB板，射频特性优异，可以通过各种认证。6、模块引出了大部分的IO口。7、模块出厂无程序，用户需要进行二次开发。
U36,19,,3V3,IC/模块,1、原装进口nRF52840射频芯片。2、支持蓝牙4.2和5.0协议。3、芯片自带高性能ARM CORTEX-M4F内核。4、芯片自带32.768K实时时钟。5、四层高性能PCB板，射频特性优异，可以通过各种认证。6、模块引出了大部分的IO口。7、模块出厂无程序，用户需要进行二次开发。
U36,20,,ROW2,IC/模块,1、原装进口nRF52840射频芯片。2、支持蓝牙4.2和5.0协议。3、芯片自带高性能ARM CORTEX-M4F内核。4、芯片自带32.768K实时时钟。5、四层高性能PCB板，射频特性优异，可以通过各种认证。6、模块引出了大部分的IO口。7、模块出厂无程序，用户需要进行二次开发。
U36,21,,GND,IC/模块,1、原装进口nRF52840射频芯片。2、支持蓝牙4.2和5.0协议。3、芯片自带高性能ARM CORTEX-M4F内核。4、芯片自带32.768K实时时钟。5、四层高性能PCB板，射频特性优异，可以通过各种认证。6、模块引出了大部分的IO口。7、模块出厂无程序，用户需要进行二次开发。
U36,22,,ROW1,IC/模块,1、原装进口nRF52840射频芯片。2、支持蓝牙4.2和5.0协议。3、芯片自带高性能ARM CORTEX-M4F内核。4、芯片自带32.768K实时时钟。5、四层高性能PCB板，射频特性优异，可以通过各种认证。6、模块引出了大部分的IO口。7、模块出厂无程序，用户需要进行二次开发。
U36,23,,3V3,IC/模块,1、原装进口nRF52840射频芯片。2、支持蓝牙4.2和5.0协议。3、芯片自带高性能ARM CORTEX-M4F内核。4、芯片自带32.768K实时时钟。5、四层高性能PCB板，射频特性优异，可以通过各种认证。6、模块引出了大部分的IO口。7、模块出厂无程序，用户需要进行二次开发。
U36,24,,GND,IC/模块,1、原装进口nRF52840射频芯片。2、支持蓝牙4.2和5.0协议。3、芯片自带高性能ARM CORTEX-M4F内核。4、芯片自带32.768K实时时钟。5、四层高性能PCB板，射频特性优异，可以通过各种认证。6、模块引出了大部分的IO口。7、模块出厂无程序，用户需要进行二次开发。
U36,25,,,IC/模块,1、原装进口nRF52840射频芯片。2、支持蓝牙4.2和5.0协议。3、芯片自带高性能ARM CORTEX-M4F内核。4、芯片自带32.768K实时时钟。5、四层高性能PCB板，射频特性优异，可以通过各种认证。6、模块引出了大部分的IO口。7、模块出厂无程序，用户需要进行二次开发。
U36,26,,$1N8557,IC/模块,1、原装进口nRF52840射频芯片。2、支持蓝牙4.2和5.0协议。3、芯片自带高性能ARM CORTEX-M4F内核。4、芯片自带32.768K实时时钟。5、四层高性能PCB板，射频特性优异，可以通过各种认证。6、模块引出了大部分的IO口。7、模块出厂无程序，用户需要进行二次开发。
U36,27,,VBUS,IC/模块,1、原装进口nRF52840射频芯片。2、支持蓝牙4.2和5.0协议。3、芯片自带高性能ARM CORTEX-M4F内核。4、芯片自带32.768K实时时钟。5、四层高性能PCB板，射频特性优异，可以通过各种认证。6、模块引出了大部分的IO口。7、模块出厂无程序，用户需要进行二次开发。
U36,28,,ROW0,IC/模块,1、原装进口nRF52840射频芯片。2、支持蓝牙4.2和5.0协议。3、芯片自带高性能ARM CORTEX-M4F内核。4、芯片自带32.768K实时时钟。5、四层高性能PCB板，射频特性优异，可以通过各种认证。6、模块引出了大部分的IO口。7、模块出厂无程序，用户需要进行二次开发。
U36,29,,DN,IC/模块,1、原装进口nRF52840射频芯片。2、支持蓝牙4.2和5.0协议。3、芯片自带高性能ARM CORTEX-M4F内核。4、芯片自带32.768K实时时钟。5、四层高性能PCB板，射频特性优异，可以通过各种认证。6、模块引出了大部分的IO口。7、模块出厂无程序，用户需要进行二次开发。
U36,30,,$1N8402,IC/模块,1、原装进口nRF52840射频芯片。2、支持蓝牙4.2和5.0协议。3、芯片自带高性能ARM CORTEX-M4F内核。4、芯片自带32.768K实时时钟。5、四层高性能PCB板，射频特性优异，可以通过各种认证。6、模块引出了大部分的IO口。7、模块出厂无程序，用户需要进行二次开发。
U36,31,,DP,IC/模块,1、原装进口nRF52840射频芯片。2、支持蓝牙4.2和5.0协议。3、芯片自带高性能ARM CORTEX-M4F内核。4、芯片自带32.768K实时时钟。5、四层高性能PCB板，射频特性优异，可以通过各种认证。6、模块引出了大部分的IO口。7、模块出厂无程序，用户需要进行二次开发。
U36,32,,RGB_DATA,IC/模块,1、原装进口nRF52840射频芯片。2、支持蓝牙4.2和5.0协议。3、芯片自带高性能ARM CORTEX-M4F内核。4、芯片自带32.768K实时时钟。5、四层高性能PCB板，射频特性优异，可以通过各种认证。6、模块引出了大部分的IO口。7、模块出厂无程序，用户需要进行二次开发。
U36,33,,RGB_PWR_EN,IC/模块,1、原装进口nRF52840射频芯片。2、支持蓝牙4.2和5.0协议。3、芯片自带高性能ARM CORTEX-M4F内核。4、芯片自带32.768K实时时钟。5、四层高性能PCB板，射频特性优异，可以通过各种认证。6、模块引出了大部分的IO口。7、模块出厂无程序，用户需要进行二次开发。
U36,34,,IP5305T_WAKEUP,IC/模块,1、原装进口nRF52840射频芯片。2、支持蓝牙4.2和5.0协议。3、芯片自带高性能ARM CORTEX-M4F内核。4、芯片自带32.768K实时时钟。5、四层高性能PCB板，射频特性优异，可以通过各种认证。6、模块引出了大部分的IO口。7、模块出厂无程序，用户需要进行二次开发。
U36,35,,IP5305T_I2C_SCK,IC/模块,1、原装进口nRF52840射频芯片。2、支持蓝牙4.2和5.0协议。3、芯片自带高性能ARM CORTEX-M4F内核。4、芯片自带32.768K实时时钟。5、四层高性能PCB板，射频特性优异，可以通过各种认证。6、模块引出了大部分的IO口。7、模块出厂无程序，用户需要进行二次开发。
U36,36,,IP5305T_I2C_SDA,IC/模块,1、原装进口nRF52840射频芯片。2、支持蓝牙4.2和5.0协议。3、芯片自带高性能ARM CORTEX-M4F内核。4、芯片自带32.768K实时时钟。5、四层高性能PCB板，射频特性优异，可以通过各种认证。6、模块引出了大部分的IO口。7、模块出厂无程序，用户需要进行二次开发。
U36,37,,SWD,IC/模块,1、原装进口nRF52840射频芯片。2、支持蓝牙4.2和5.0协议。3、芯片自带高性能ARM CORTEX-M4F内核。4、芯片自带32.768K实时时钟。5、四层高性能PCB板，射频特性优异，可以通过各种认证。6、模块引出了大部分的IO口。7、模块出厂无程序，用户需要进行二次开发。
U36,38,,$1N8549,IC/模块,1、原装进口nRF52840射频芯片。2、支持蓝牙4.2和5.0协议。3、芯片自带高性能ARM CORTEX-M4F内核。4、芯片自带32.768K实时时钟。5、四层高性能PCB板，射频特性优异，可以通过各种认证。6、模块引出了大部分的IO口。7、模块出厂无程序，用户需要进行二次开发。
U36,39,,SCK,IC/模块,1、原装进口nRF52840射频芯片。2、支持蓝牙4.2和5.0协议。3、芯片自带高性能ARM CORTEX-M4F内核。4、芯片自带32.768K实时时钟。5、四层高性能PCB板，射频特性优异，可以通过各种认证。6、模块引出了大部分的IO口。7、模块出厂无程序，用户需要进行二次开发。
U36,40,,,IC/模块,1、原装进口nRF52840射频芯片。2、支持蓝牙4.2和5.0协议。3、芯片自带高性能ARM CORTEX-M4F内核。4、芯片自带32.768K实时时钟。5、四层高性能PCB板，射频特性优异，可以通过各种认证。6、模块引出了大部分的IO口。7、模块出厂无程序，用户需要进行二次开发。
U36,41,,BAT_ADC_EN,IC/模块,1、原装进口nRF52840射频芯片。2、支持蓝牙4.2和5.0协议。3、芯片自带高性能ARM CORTEX-M4F内核。4、芯片自带32.768K实时时钟。5、四层高性能PCB板，射频特性优异，可以通过各种认证。6、模块引出了大部分的IO口。7、模块出厂无程序，用户需要进行二次开发。
U36,42,,EC11B,IC/模块,1、原装进口nRF52840射频芯片。2、支持蓝牙4.2和5.0协议。3、芯片自带高性能ARM CORTEX-M4F内核。4、芯片自带32.768K实时时钟。5、四层高性能PCB板，射频特性优异，可以通过各种认证。6、模块引出了大部分的IO口。7、模块出厂无程序，用户需要进行二次开发。
U36,43,,EC11A,IC/模块,1、原装进口nRF52840射频芯片。2、支持蓝牙4.2和5.0协议。3、芯片自带高性能ARM CORTEX-M4F内核。4、芯片自带32.768K实时时钟。5、四层高性能PCB板，射频特性优异，可以通过各种认证。6、模块引出了大部分的IO口。7、模块出厂无程序，用户需要进行二次开发。
R5,1,,$1N8108,电阻,电阻类型:薄膜电阻;阻值:1kΩ;精度:±0.1%;功率:62.5mW;工作电压:50V;温度系数:±25ppm/℃;
R5,2,,MODE,电阻,电阻类型:薄膜电阻;阻值:1kΩ;精度:±0.1%;功率:62.5mW;工作电压:50V;温度系数:±25ppm/℃;
R16,1,,3V3,电阻,电阻类型:厚膜电阻;阻值:100kΩ;精度:±1%;功率:62.5mW;工作电压:50V;温度系数:±100ppm/℃;
R16,2,,$1N8291,电阻,电阻类型:厚膜电阻;阻值:100kΩ;精度:±1%;功率:62.5mW;工作电压:50V;温度系数:±100ppm/℃;
R17,1,,GND,电阻,电阻类型:厚膜电阻;阻值:100kΩ;精度:±1%;功率:62.5mW;工作电压:50V;温度系数:±100ppm/℃;
R17,2,,$1N8291,电阻,电阻类型:厚膜电阻;阻值:100kΩ;精度:±1%;功率:62.5mW;工作电压:50V;温度系数:±100ppm/℃;
C9,1,,MODE,电容,容值:100nF;精度:±10%;额定电压:16V;温度系数:X7R;
C9,2,,GND,电容,容值:100nF;精度:±10%;额定电压:16V;温度系数:X7R;
R18,1,,$1N8286,电阻,电阻类型:薄膜电阻;阻值:1kΩ;精度:±0.1%;功率:62.5mW;工作电压:50V;温度系数:±25ppm/℃;
R18,2,,GND,电阻,电阻类型:薄膜电阻;阻值:1kΩ;精度:±0.1%;功率:62.5mW;工作电压:50V;温度系数:±25ppm/℃;
R19,1,,3V3,电阻,电阻类型:薄膜电阻;阻值:1kΩ;精度:±0.1%;功率:62.5mW;工作电压:50V;温度系数:±25ppm/℃;
R19,2,,$1N8311,电阻,电阻类型:薄膜电阻;阻值:1kΩ;精度:±0.1%;功率:62.5mW;工作电压:50V;温度系数:±25ppm/℃;
U1,1,,$1N8286,IC/模块,安装方式:弯插;额定电流:300mA;额定电压:50V;工作寿命:1万次;
U1,2,,$1N8108,IC/模块,安装方式:弯插;额定电流:300mA;额定电压:50V;工作寿命:1万次;
U1,3,,$1N8291,IC/模块,安装方式:弯插;额定电流:300mA;额定电压:50V;工作寿命:1万次;
U1,4,,$1N8311,IC/模块,安装方式:弯插;额定电流:300mA;额定电压:50V;工作寿命:1万次;
U1,5,,$1N8424,IC/模块,安装方式:弯插;额定电流:300mA;额定电压:50V;工作寿命:1万次;
U1,6,,,IC/模块,安装方式:弯插;额定电流:300mA;额定电压:50V;工作寿命:1万次;
R20,1,,$1N8424,电阻,电阻类型:薄膜电阻;阻值:1kΩ;精度:±0.1%;功率:62.5mW;工作电压:50V;温度系数:±25ppm/℃;
R20,2,,GND,电阻,电阻类型:薄膜电阻;阻值:1kΩ;精度:±0.1%;功率:62.5mW;工作电压:50V;温度系数:±25ppm/℃;
R21,1,,GND,电阻,电阻类型:薄膜电阻;阻值:1kΩ;精度:±0.1%;功率:62.5mW;工作电压:50V;温度系数:±25ppm/℃;
R21,2,,$1N8558,电阻,电阻类型:薄膜电阻;阻值:1kΩ;精度:±0.1%;功率:62.5mW;工作电压:50V;温度系数:±25ppm/℃;
U39,1,,DN,IC/模块,极性:双向;反向截止电压(Vrwm):5V;钳位电压:14V;峰值脉冲电流(Ipp):6A;击穿电压:6V;
U39,2,,GND,IC/模块,极性:双向;反向截止电压(Vrwm):5V;钳位电压:14V;峰值脉冲电流(Ipp):6A;击穿电压:6V;
U39,3,,DP,IC/模块,极性:双向;反向截止电压(Vrwm):5V;钳位电压:14V;峰值脉冲电流(Ipp):6A;击穿电压:6V;
U39,4,,$1N8,IC/模块,极性:双向;反向截止电压(Vrwm):5V;钳位电压:14V;峰值脉冲电流(Ipp):6A;击穿电压:6V;
U39,5,,VBUS,IC/模块,极性:双向;反向截止电压(Vrwm):5V;钳位电压:14V;峰值脉冲电流(Ipp):6A;击穿电压:6V;
U39,6,,$1N5,IC/模块,极性:双向;反向截止电压(Vrwm):5V;钳位电压:14V;峰值脉冲电流(Ipp):6A;击穿电压:6V;
R23,1,,$1N5,电阻,电阻类型:厚膜电阻;阻值:0Ω;精度:±5%;功率:62.5mW;工作电压:50V;
R23,2,,DN,电阻,电阻类型:厚膜电阻;阻值:0Ω;精度:±5%;功率:62.5mW;工作电压:50V;
R24,1,,$1N8,电阻,电阻类型:厚膜电阻;阻值:0Ω;精度:±5%;功率:62.5mW;工作电压:50V;
R24,2,,DP,电阻,电阻类型:厚膜电阻;阻值:0Ω;精度:±5%;功率:62.5mW;工作电压:50V;
X1,1,,$1N8329,连接器,晶振类型:贴片晶振;频率:32.768kHz;常温频差:±20ppm;负载电容:12.5pF;频率稳定度:±30ppm;
X1,2,,$1N8328,连接器,晶振类型:贴片晶振;频率:32.768kHz;常温频差:±20ppm;负载电容:12.5pF;频率稳定度:±30ppm;
C1,1,,3V3,电容,容值:100nF;精度:±10%;额定电压:50V;温度系数:X7R;
C1,2,,GND,电容,容值:100nF;精度:±10%;额定电压:50V;温度系数:X7R;
C2,1,,3V3,电容,容值:100nF;精度:±10%;额定电压:50V;温度系数:X7R;
C2,2,,GND,电容,容值:100nF;精度:±10%;额定电压:50V;温度系数:X7R;
P3,1,,SCREEN_BLK,连接器,插孔结构:1x8P;间距:2.54mm;行距:-;圆孔/方孔:方孔;安装方式:直插;排数:单排;总孔位数:8P;额定电流:3A;插孔方向:顶部;塑高:8.5mm;触头材质:黄铜;触头镀层:金;工作温度:-55℃~+105℃;
P3,2,,SCREEN_RES,连接器,插孔结构:1x8P;间距:2.54mm;行距:-;圆孔/方孔:方孔;安装方式:直插;排数:单排;总孔位数:8P;额定电流:3A;插孔方向:顶部;塑高:8.5mm;触头材质:黄铜;触头镀层:金;工作温度:-55℃~+105℃;
P3,3,,SCREEN_DC,连接器,插孔结构:1x8P;间距:2.54mm;行距:-;圆孔/方孔:方孔;安装方式:直插;排数:单排;总孔位数:8P;额定电流:3A;插孔方向:顶部;塑高:8.5mm;触头材质:黄铜;触头镀层:金;工作温度:-55℃~+105℃;
P3,4,,SCREEN_SDA,连接器,插孔结构:1x8P;间距:2.54mm;行距:-;圆孔/方孔:方孔;安装方式:直插;排数:单排;总孔位数:8P;额定电流:3A;插孔方向:顶部;塑高:8.5mm;触头材质:黄铜;触头镀层:金;工作温度:-55℃~+105℃;
P3,5,,SCREEN_SCL,连接器,插孔结构:1x8P;间距:2.54mm;行距:-;圆孔/方孔:方孔;安装方式:直插;排数:单排;总孔位数:8P;额定电流:3A;插孔方向:顶部;塑高:8.5mm;触头材质:黄铜;触头镀层:金;工作温度:-55℃~+105℃;
P3,6,,3V3,连接器,插孔结构:1x8P;间距:2.54mm;行距:-;圆孔/方孔:方孔;安装方式:直插;排数:单排;总孔位数:8P;额定电流:3A;插孔方向:顶部;塑高:8.5mm;触头材质:黄铜;触头镀层:金;工作温度:-55℃~+105℃;
P3,7,,SCREEN_CS,连接器,插孔结构:1x8P;间距:2.54mm;行距:-;圆孔/方孔:方孔;安装方式:直插;排数:单排;总孔位数:8P;额定电流:3A;插孔方向:顶部;塑高:8.5mm;触头材质:黄铜;触头镀层:金;工作温度:-55℃~+105℃;
P3,8,,GND,连接器,插孔结构:1x8P;间距:2.54mm;行距:-;圆孔/方孔:方孔;安装方式:直插;排数:单排;总孔位数:8P;额定电流:3A;插孔方向:顶部;塑高:8.5mm;触头材质:黄铜;触头镀层:金;工作温度:-55℃~+105℃;
C8,1,,3V3,电容,容值:1uF;精度:±10%;额定电压:50V;温度系数:X5R;
C8,2,,GND,电容,容值:1uF;精度:±10%;额定电压:50V;温度系数:X5R;
C10,1,,GND,电容,容值:1uF;精度:±10%;额定电压:50V;温度系数:X5R;
C10,2,,3V3,电容,容值:1uF;精度:±10%;额定电压:50V;温度系数:X5R;
C12,1,,GND,电容,容值:12pF;精度:±5%;额定电压:50V;温度系数:C0G;
C12,2,,$1N8328,电容,容值:12pF;精度:±5%;额定电压:50V;温度系数:C0G;
C13,1,,$1N8329,电容,容值:12pF;精度:±5%;额定电压:50V;温度系数:C0G;
C13,2,,GND,电容,容值:12pF;精度:±5%;额定电压:50V;温度系数:C0G;
CN1,1,,VBAT,连接器,插针结构:1x2P;间距:2.54mm;安装方式:卧贴;参考系列:XH;总PIN数:2P;排数:1;每排PIN数:2;行距:-;额定电流:3A;触头材质:黄铜;触头镀层:锡;工作温度范围:-25℃~+85℃;
CN1,2,,GND,连接器,插针结构:1x2P;间距:2.54mm;安装方式:卧贴;参考系列:XH;总PIN数:2P;排数:1;每排PIN数:2;行距:-;额定电流:3A;触头材质:黄铜;触头镀层:锡;工作温度范围:-25℃~+85℃;
CN1,3,,,连接器,插针结构:1x2P;间距:2.54mm;安装方式:卧贴;参考系列:XH;总PIN数:2P;排数:1;每排PIN数:2;行距:-;额定电流:3A;触头材质:黄铜;触头镀层:锡;工作温度范围:-25℃~+85℃;
CN1,4,,,连接器,插针结构:1x2P;间距:2.54mm;安装方式:卧贴;参考系列:XH;总PIN数:2P;排数:1;每排PIN数:2;行距:-;额定电流:3A;触头材质:黄铜;触头镀层:锡;工作温度范围:-25℃~+85℃;
C3,1,,$1N8445,电容,容值:22uF;精度:±20%;额定电压:16V;温度系数:X5R;
C3,2,,GND,电容,容值:22uF;精度:±20%;额定电压:16V;温度系数:X5R;
C23,1,,$1N8445,电容,容值:22uF;精度:±20%;额定电压:16V;温度系数:X5R;
C23,2,,GND,电容,容值:22uF;精度:±20%;额定电压:16V;温度系数:X5R;
U40,1,,$1N8521,IC/模块,电感值:1uH;精度:±20%;额定电流:4A;饱和电流(Isat):5.6A;类型:-;
U40,2,,VBAT,IC/模块,电感值:1uH;精度:±20%;额定电流:4A;饱和电流(Isat):5.6A;类型:-;
C32,1,,GND,电容,容值:22uF;精度:±20%;额定电压:16V;温度系数:X5R;
C32,2,,VBAT,电容,容值:22uF;精度:±20%;额定电压:16V;温度系数:X5R;
R29,1,,$1N8460,电阻,电阻类型:厚膜电阻;阻值:2Ω;精度:±1%;功率:62.5mW;工作电压:50V;温度系数:±200ppm/℃;
R29,2,,VBUS,电阻,电阻类型:厚膜电阻;阻值:2Ω;精度:±1%;功率:62.5mW;工作电压:50V;温度系数:±200ppm/℃;
C38,1,,GND,电容,容值:22uF;精度:±20%;额定电压:16V;温度系数:X5R;
C38,2,,$1N8461,电容,容值:22uF;精度:±20%;额定电压:16V;温度系数:X5R;
C39,1,,GND,电容,容值:10uF;精度:±20%;额定电压:10V;温度系数:X5R;
C39,2,,VBUS,电容,容值:10uF;精度:±20%;额定电压:10V;温度系数:X5R;
C33,1,,GND,电容,容值:10uF;精度:±20%;额定电压:10V;温度系数:X5R;
C33,2,,$1N8460,电容,容值:10uF;精度:±20%;额定电压:10V;温度系数:X5R;
SW4,1,,$1N8509,其他,电路结构:双刀双掷;安装方式:-;开关颜色:黑色;额定电流(DC):1A;额定电压(DC):24V;机械寿命:1万次;
SW4,2,,MANUAL_WAKE,其他,电路结构:双刀双掷;安装方式:-;开关颜色:黑色;额定电流(DC):1A;额定电压(DC):24V;机械寿命:1万次;
SW4,3,,$1N8510,其他,电路结构:双刀双掷;安装方式:-;开关颜色:黑色;额定电流(DC):1A;额定电压(DC):24V;机械寿命:1万次;
SW4,4,,,其他,电路结构:双刀双掷;安装方式:-;开关颜色:黑色;额定电流(DC):1A;额定电压(DC):24V;机械寿命:1万次;
SW4,5,,$1N8445,其他,电路结构:双刀双掷;安装方式:-;开关颜色:黑色;额定电流(DC):1A;额定电压(DC):24V;机械寿命:1万次;
SW4,6,,SYS_POWER,其他,电路结构:双刀双掷;安装方式:-;开关颜色:黑色;额定电流(DC):1A;额定电压(DC):24V;机械寿命:1万次;
SW4,7,,,其他,电路结构:双刀双掷;安装方式:-;开关颜色:黑色;额定电流(DC):1A;额定电压(DC):24V;机械寿命:1万次;
SW4,8,,,其他,电路结构:双刀双掷;安装方式:-;开关颜色:黑色;额定电流(DC):1A;额定电压(DC):24V;机械寿命:1万次;
C34,1,,GND,电容,容值:22uF;精度:±20%;额定电压:16V;温度系数:X5R;
C34,2,,SYS_POWER,电容,容值:22uF;精度:±20%;额定电压:16V;温度系数:X5R;
R2,1,,$1N8491,电阻,电阻类型:厚膜电阻;阻值:10kΩ;精度:±1%;功率:62.5mW;工作电压:50V;温度系数:±100ppm/℃;
R2,2,,$1N8517,电阻,电阻类型:厚膜电阻;阻值:10kΩ;精度:±1%;功率:62.5mW;工作电压:50V;温度系数:±100ppm/℃;
U41,1,,MANUAL_WAKE,IC/模块,工作电压:1.65V~5.5V;输入类型:施密特触发器;静态电流(Iq):20uA;传播延迟(tpd):18.5ns;
U41,2,,VBAT,IC/模块,工作电压:1.65V~5.5V;输入类型:施密特触发器;静态电流(Iq):20uA;传播延迟(tpd):18.5ns;
U41,3,,VBAT,IC/模块,工作电压:1.65V~5.5V;输入类型:施密特触发器;静态电流(Iq):20uA;传播延迟(tpd):18.5ns;
U41,4,,GND,IC/模块,工作电压:1.65V~5.5V;输入类型:施密特触发器;静态电流(Iq):20uA;传播延迟(tpd):18.5ns;
U41,5,,$1N8506,IC/模块,工作电压:1.65V~5.5V;输入类型:施密特触发器;静态电流(Iq):20uA;传播延迟(tpd):18.5ns;
U41,6,,GND,IC/模块,工作电压:1.65V~5.5V;输入类型:施密特触发器;静态电流(Iq):20uA;传播延迟(tpd):18.5ns;
U41,7,,$1N8499,IC/模块,工作电压:1.65V~5.5V;输入类型:施密特触发器;静态电流(Iq):20uA;传播延迟(tpd):18.5ns;
U41,8,,VBAT,IC/模块,工作电压:1.65V~5.5V;输入类型:施密特触发器;静态电流(Iq):20uA;传播延迟(tpd):18.5ns;
C17,1,,GND,电容,容值:1uF;精度:±10%;额定电压:25V;温度系数:X5R;
C17,2,,VBAT,电容,容值:1uF;精度:±10%;额定电压:25V;温度系数:X5R;
C22,1,,GND,电容,容值:1uF;精度:±10%;额定电压:25V;温度系数:X5R;
C22,2,,$1N8499,电容,容值:1uF;精度:±10%;额定电压:25V;温度系数:X5R;
R4,1,,$1N8499,电阻,电阻类型:厚膜电阻;阻值:680kΩ;精度:±1%;功率:62.5mW;工作电压:50V;温度系数:±100ppm/℃;
R4,2,,VBAT,电阻,电阻类型:厚膜电阻;阻值:680kΩ;精度:±1%;功率:62.5mW;工作电压:50V;温度系数:±100ppm/℃;
R3,1,,GND,电阻,电阻类型:厚膜电阻;阻值:100kΩ;精度:±1%;功率:62.5mW;工作电压:50V;温度系数:±100ppm/℃;
R3,2,,$1N8510,电阻,电阻类型:厚膜电阻;阻值:100kΩ;精度:±1%;功率:62.5mW;工作电压:50V;温度系数:±100ppm/℃;
R22,1,,$1N8509,电阻,电阻类型:厚膜电阻;阻值:100kΩ;精度:±1%;功率:62.5mW;工作电压:50V;温度系数:±100ppm/℃;
R22,2,,VBAT,电阻,电阻类型:厚膜电阻;阻值:100kΩ;精度:±1%;功率:62.5mW;工作电压:50V;温度系数:±100ppm/℃;
Q3,1,,$1N8506,三极管,数量:1个N沟道;漏源电压(Vdss):60V;连续漏极电流(Id):500mA;导通电阻(RDS(on)):5Ω@10V,200mA;耗散功率(Pd):225mW;阈值电压(Vgs(th)):3V@1.0mA;
Q3,2,,GND,三极管,数量:1个N沟道;漏源电压(Vdss):60V;连续漏极电流(Id):500mA;导通电阻(RDS(on)):5Ω@10V,200mA;耗散功率(Pd):225mW;阈值电压(Vgs(th)):3V@1.0mA;
Q3,3,,$1N8517,三极管,数量:1个N沟道;漏源电压(Vdss):60V;连续漏极电流(Id):500mA;导通电阻(RDS(on)):5Ω@10V,200mA;耗散功率(Pd):225mW;阈值电压(Vgs(th)):3V@1.0mA;
R26,1,,IP5305T_WAKEUP,电阻,电阻类型:厚膜电阻;阻值:10kΩ;精度:±1%;功率:62.5mW;工作电压:50V;温度系数:±100ppm/℃;
R26,2,,$1N8491,电阻,电阻类型:厚膜电阻;阻值:10kΩ;精度:±1%;功率:62.5mW;工作电压:50V;温度系数:±100ppm/℃;
U2,1,,VBUS,IC/模块,2.1A 充电 2.4 A 放电高集成度移动电源 SOC
U2,2,,IP5305T_I2C_SCK,IC/模块,2.1A 充电 2.4 A 放电高集成度移动电源 SOC
U2,3,,IP5305T_I2C_SDA,IC/模块,2.1A 充电 2.4 A 放电高集成度移动电源 SOC
U2,4,,,IC/模块,2.1A 充电 2.4 A 放电高集成度移动电源 SOC
U2,5,,$1N8491,IC/模块,2.1A 充电 2.4 A 放电高集成度移动电源 SOC
U2,6,,$1N8461,IC/模块,2.1A 充电 2.4 A 放电高集成度移动电源 SOC
U2,7,,$1N8521,IC/模块,2.1A 充电 2.4 A 放电高集成度移动电源 SOC
U2,8,,$1N8445,IC/模块,2.1A 充电 2.4 A 放电高集成度移动电源 SOC
U2,9,,GND,IC/模块,2.1A 充电 2.4 A 放电高集成度移动电源 SOC
R28,1,,IP5305T_I2C_SDA,电阻,电阻类型:厚膜电阻;阻值:10kΩ;精度:±1%;功率:62.5mW;工作电压:50V;温度系数:±100ppm/℃;
R28,2,,3V3,电阻,电阻类型:厚膜电阻;阻值:10kΩ;精度:±1%;功率:62.5mW;工作电压:50V;温度系数:±100ppm/℃;
R31,1,,IP5305T_I2C_SCK,电阻,电阻类型:厚膜电阻;阻值:10kΩ;精度:±1%;功率:62.5mW;工作电压:50V;温度系数:±100ppm/℃;
R31,2,,3V3,电阻,电阻类型:厚膜电阻;阻值:10kΩ;精度:±1%;功率:62.5mW;工作电压:50V;温度系数:±100ppm/℃;
U37,1,,SYS_POWER,IC/模块,输出类型:固定;工作电压:20V;输出电压:3.3V;输出电流:500mA;电源纹波抑制比(PSRR):70dB@(1kHz);输出极性:正极;
U37,2,,GND,IC/模块,输出类型:固定;工作电压:20V;输出电压:3.3V;输出电流:500mA;电源纹波抑制比(PSRR):70dB@(1kHz);输出极性:正极;
U37,3,,SYS_POWER,IC/模块,输出类型:固定;工作电压:20V;输出电压:3.3V;输出电流:500mA;电源纹波抑制比(PSRR):70dB@(1kHz);输出极性:正极;
U37,4,,,IC/模块,输出类型:固定;工作电压:20V;输出电压:3.3V;输出电流:500mA;电源纹波抑制比(PSRR):70dB@(1kHz);输出极性:正极;
U37,5,,3V3,IC/模块,输出类型:固定;工作电压:20V;输出电压:3.3V;输出电流:500mA;电源纹波抑制比(PSRR):70dB@(1kHz);输出极性:正极;
C24,1,,GND,电容,容值:1uF;精度:±10%;额定电压:50V;温度系数:X5R;
C24,2,,3V3,电容,容值:1uF;精度:±10%;额定电压:50V;温度系数:X5R;
C25,1,,GND,电容,容值:1uF;精度:±10%;额定电压:50V;温度系数:X5R;
C25,2,,SYS_POWER,电容,容值:1uF;精度:±10%;额定电压:50V;温度系数:X5R;
R130,1,,$1N8565,电阻,电阻类型:厚膜电阻;阻值:4.7kΩ;精度:±1%;功率:62.5mW;工作电压:50V;温度系数:±100ppm/℃;
R130,2,,3V3,电阻,电阻类型:厚膜电阻;阻值:4.7kΩ;精度:±1%;功率:62.5mW;工作电压:50V;温度系数:±100ppm/℃;
SCREW1,1,,GND,其他,
R7,1,,$1N8461,电阻,电阻类型:厚膜电阻;阻值:500mΩ;精度:±1%;功率:100mW;工作电压:75V;温度系数:±800ppm/℃;
R7,2,,VBAT,电阻,电阻类型:厚膜电阻;阻值:500mΩ;精度:±1%;功率:100mW;工作电压:75V;温度系数:±800ppm/℃;
SCREW2,1,,GND,其他,
SW2,1,,$1N8557,其他,电路结构:单刀单掷;按钮形状:矩形按钮;作用力:1.8N;安装方式:卧贴;开关高度:3.5mm;带支架:带支架;触点电流:50mA;额定电压:12V;
SW2,2,,GND,其他,电路结构:单刀单掷;按钮形状:矩形按钮;作用力:1.8N;安装方式:卧贴;开关高度:3.5mm;带支架:带支架;触点电流:50mA;额定电压:12V;
SW2,3,,GND,其他,电路结构:单刀单掷;按钮形状:矩形按钮;作用力:1.8N;安装方式:卧贴;开关高度:3.5mm;带支架:带支架;触点电流:50mA;额定电压:12V;
SW2,4,,GND,其他,电路结构:单刀单掷;按钮形状:矩形按钮;作用力:1.8N;安装方式:卧贴;开关高度:3.5mm;带支架:带支架;触点电流:50mA;额定电压:12V;
H1,1,,GND,其他,插针结构:1x3P;间距:2.54mm;行距:-;圆针/方针:方针;安装方式:直插;排数:单排;总PIN位数:3P;额定电流:3A;额定电压:250V;配合针长度:6mm;塑高:2.5mm;端接针长度:3mm;工作温度:-40℃~+105℃;颜色:黑色;
H1,2,,SWD,其他,插针结构:1x3P;间距:2.54mm;行距:-;圆针/方针:方针;安装方式:直插;排数:单排;总PIN位数:3P;额定电流:3A;额定电压:250V;配合针长度:6mm;塑高:2.5mm;端接针长度:3mm;工作温度:-40℃~+105℃;颜色:黑色;
H1,3,,SCK,其他,插针结构:1x3P;间距:2.54mm;行距:-;圆针/方针:方针;安装方式:直插;排数:单排;总PIN位数:3P;额定电流:3A;额定电压:250V;配合针长度:6mm;塑高:2.5mm;端接针长度:3mm;工作温度:-40℃~+105℃;颜色:黑色;
LED1,1,,$1N8549,其他,发光颜色:翠绿色;正向电压(VF):3.2V;功率:76mW;正向电流:20mA;主波长:525nm;二极管配置:-;透镜颜色:无色透明透镜;色温:-;发光强度:260.5mcd;发光角度:130°;载带方式:反贴;工作温度:-20℃~+80℃;
LED1,2,,$1N8565,其他,发光颜色:翠绿色;正向电压(VF):3.2V;功率:76mW;正向电流:20mA;主波长:525nm;二极管配置:-;透镜颜色:无色透明透镜;色温:-;发光强度:260.5mcd;发光角度:130°;载带方式:反贴;工作温度:-20℃~+80℃;
LED2,1,,$1N8402,其他,发光颜色:翠绿色;正向电压(VF):3.2V;功率:76mW;正向电流:20mA;主波长:525nm;二极管配置:-;透镜颜色:无色透明透镜;色温:-;发光强度:260.5mcd;发光角度:130°;载带方式:反贴;工作温度:-20℃~+80℃;
LED2,2,,$1N8566,其他,发光颜色:翠绿色;正向电压(VF):3.2V;功率:76mW;正向电流:20mA;主波长:525nm;二极管配置:-;透镜颜色:无色透明透镜;色温:-;发光强度:260.5mcd;发光角度:130°;载带方式:反贴;工作温度:-20℃~+80℃;
C30,1,,SYS_POWER,电容,容值:220uF;精度:±20%;额定电压:16V;纹波电流:300mA@100kHz;等效串联电阻(ESR):220mΩ@100kHz;
C30,2,,GND,电容,容值:220uF;精度:±20%;额定电压:16V;纹波电流:300mA@100kHz;等效串联电阻(ESR):220mΩ@100kHz;
C31,1,,GND,电容,容值:100nF;精度:±10%;额定电压:50V;温度系数:X7R;
C31,2,,EC11B,电容,容值:100nF;精度:±10%;额定电压:50V;温度系数:X7R;
C40,1,,EC11A,电容,容值:100nF;精度:±10%;额定电压:50V;温度系数:X7R;
C40,2,,GND,电容,容值:100nF;精度:±10%;额定电压:50V;温度系数:X7R;